sample_index,label
17034,1
5992,1
29996,0
31018,0
11292,1
31492,0
6291,1
31577,0
16095,1
17372,1
31339,0
16387,1
503,1
32251,0
27123,0
6013,1
25670,0
10646,1
19104,1
29966,0
32861,0
3922,1
7101,1
13498,1
11827,1
32122,0
22682,0
351,1
23806,0
2129,1
18896,1
14297,1
31002,0
31904,0
18841,1
31906,0
34763,0
6097,1
28108,0
19095,1
35802,0
21599,0
22449,0
3725,1
7811,1
30741,0
6835,1
25205,0
17059,1
20023,0
32574,0
9926,1
9534,1
34504,0
32115,0
18133,1
31490,0
17534,1
385,1
3755,1
27794,0
7115,1
32234,0
23177,0
15824,1
33633,0
34106,0
11155,1
13061,1
12047,1
17544,1
32180,0
4034,1
34797,0
31442,0
28172,0
34578,0
6769,1
4772,1
24361,0
3545,1
30676,0
23178,0
2065,1
14690,1
14841,1
17837,1
19093,1
7305,1
16455,1
9226,1
16472,1
23090,0
12098,1
32908,0
15403,1
18594,1
8612,1
6812,1
1430,1
15805,1
16822,1
27701,0
20020,0
22259,0
8287,1
32106,0
30627,0
10567,1
18160,1
1534,1
25028,0
4574,1
15285,1
25085,0
20317,0
28233,0
23758,0
5549,1
23389,0
32024,0
31306,0
33996,0
11051,1
20240,0
14990,1
29420,0
29654,0
35831,0
19749,1
8886,1
4128,1
12292,1
32996,0
21186,0
6482,1
8122,1
13389,1
19999,0
25634,0
29480,0
19163,1
33310,0
3100,1
15603,1
26838,0
16354,1
24905,0
11955,1
29313,0
14490,1
24093,0
35713,0
695,1
17102,1
119,1
14197,1
24244,0
9402,1
20376,0
127,1
32261,0
12575,1
26349,0
32922,0
25000,0
15076,1
16515,1
21717,0
22795,0
2516,1
29391,0
28812,0
247,1
3635,1
35568,0
16326,1
1182,1
30009,0
3353,1
3233,1
878,1
2812,1
7289,1
6084,1
6725,1
17187,1
115,1
30783,0
12416,1
10182,1
5561,1
17996,1
16657,1
5833,1
30425,0
32830,0
6216,1
25575,0
8394,1
28527,0
16132,1
14584,1
6415,1
18502,1
2405,1
30342,0
30419,0
11743,1
16768,1
33748,0
606,1
1530,1
20918,0
18224,1
16974,1
4417,1
19696,1
14014,1
6659,1
4874,1
28106,0
22196,0
17180,1
28020,0
2270,1
25351,0
9167,1
25834,0
18457,1
31518,0
28884,0
2616,1
20128,0
17417,1
12543,1
27879,0
4345,1
4160,1
26158,0
32502,0
24551,0
28417,0
1034,1
23834,0
11917,1
17446,1
31273,0
6925,1
10809,1
32209,0
20897,0
6556,1
6561,1
19144,1
15016,1
4973,1
25769,0
22838,0
21690,0
35124,0
7724,1
18713,1
6920,1
928,1
31959,0
5446,1
6137,1
34525,0
6490,1
15465,1
16465,1
8875,1
13723,1
14786,1
16000,1
451,1
17632,1
21357,0
4463,1
24227,0
4304,1
5711,1
20034,0
18210,1
28688,0
33888,0
29512,0
24832,0
738,1
16887,1
29215,0
20628,0
4680,1
30324,0
21269,0
2740,1
4977,1
28190,0
29129,0
4921,1
14462,1
14372,1
25326,0
6029,1
19864,1
27787,0
21285,0
21278,0
22608,0
5112,1
14521,1
17489,1
11489,1
2361,1
7757,1
11192,1
5809,1
4667,1
33401,0
10768,1
30296,0
22789,0
5380,1
11775,1
22193,0
3047,1
6959,1
20952,0
17619,1
9887,1
23634,0
20067,0
322,1
12636,1
17983,1
13741,1
12606,1
21954,0
3213,1
21331,0
10220,1
1493,1
5732,1
7300,1
10300,1
2602,1
15318,1
11686,1
22255,0
33978,0
19968,0
15252,1
28069,0
4807,1
32427,0
16558,1
31833,0
35576,0
18493,1
24208,0
8214,1
10317,1
18665,1
32166,0
22266,0
32219,0
15446,1
10383,1
10108,1
15922,1
21515,0
3529,1
31632,0
20103,0
2140,1
22551,0
21118,0
28145,0
2549,1
27021,0
35637,0
18296,1
30614,0
35140,0
12609,1
218,1
26533,0
29385,0
27938,0
22583,0
27729,0
12613,1
3062,1
22117,0
13785,1
30673,0
16493,1
22066,0
22242,0
15645,1
9451,1
3375,1
15492,1
30404,0
11732,1
5764,1
14301,1
5525,1
6879,1
16210,1
4981,1
25601,0
20196,0
34193,0
20885,0
9010,1
21970,0
13982,1
23787,0
35566,0
9526,1
33405,0
18284,1
24095,0
5483,1
10119,1
2578,1
25613,0
29798,0
4691,1
22963,0
17634,1
29678,0
29497,0
35028,0
13214,1
16242,1
15508,1
16092,1
718,1
21318,0
7508,1
20097,0
474,1
20806,0
3978,1
8237,1
25976,0
29237,0
20925,0
35767,0
14402,1
7046,1
19778,1
15315,1
3115,1
27163,0
29484,0
21878,0
12711,1
3503,1
24709,0
15778,1
21147,0
13078,1
22690,0
32686,0
8816,1
16924,1
6844,1
34365,0
17122,1
35141,0
21867,0
21442,0
21924,0
6186,1
19106,1
13532,1
35921,0
14194,1
28866,0
2935,1
28823,0
20611,0
34855,0
13796,1
30769,0
8030,1
25949,0
15975,1
1489,1
32995,0
17202,1
19503,1
1297,1
11662,1
4902,1
5627,1
30043,0
29558,0
7049,1
11455,1
326,1
15903,1
17581,1
24977,0
20567,0
5148,1
23851,0
15402,1
24151,0
12128,1
21960,0
23063,0
34904,0
2448,1
30406,0
7495,1
27339,0
32205,0
10928,1
12353,1
409,1
23612,0
27068,0
1901,1
34205,0
34339,0
3269,1
20055,0
11467,1
25780,0
15468,1
6517,1
27234,0
4590,1
2767,1
17995,1
5135,1
5971,1
23298,0
13571,1
3860,1
3230,1
32371,0
35510,0
6690,1
10961,1
2796,1
21699,0
2301,1
32191,0
10325,1
3482,1
18874,1
9717,1
29430,0
17981,1
23012,0
2026,1
35801,0
14676,1
5716,1
1087,1
34059,0
13610,1
5245,1
15858,1
15409,1
21640,0
27901,0
7703,1
10459,1
313,1
28557,0
25757,0
13854,1
25328,0
3024,1
12725,1
24471,0
9514,1
34300,0
6936,1
21691,0
19722,1
13197,1
25044,0
20029,0
980,1
15454,1
32909,0
13468,1
26407,0
24280,0
21547,0
32850,0
31347,0
26317,0
17494,1
6390,1
15173,1
30772,0
20279,0
21745,0
13857,1
20502,0
16564,1
6070,1
2444,1
19210,1
33779,0
23957,0
29108,0
23308,0
23694,0
18885,1
34042,0
5224,1
1290,1
21766,0
484,1
20232,0
10790,1
27655,0
22401,0
20156,0
33393,0
33354,0
6599,1
27552,0
30766,0
33238,0
25323,0
993,1
12745,1
1510,1
12059,1
16937,1
29737,0
30685,0
31775,0
23390,0
32299,0
26351,0
7089,1
32054,0
13609,1
26270,0
28902,0
6405,1
11038,1
33122,0
35945,0
1692,1
16138,1
19919,1
25418,0
19045,1
28187,0
14795,1
8955,1
8439,1
13360,1
1606,1
5804,1
18754,1
34307,0
30736,0
17242,1
33056,0
7182,1
31911,0
9801,1
3171,1
17521,1
25692,0
3043,1
30476,0
35336,0
11760,1
34076,0
33867,0
936,1
23184,0
26905,0
32606,0
14900,1
33751,0
24949,0
24914,0
31090,0
9571,1
7353,1
34358,0
14867,1
33743,0
5814,1
13305,1
12741,1
11791,1
35900,0
34469,0
6292,1
15575,1
33599,0
1402,1
6951,1
34149,0
13266,1
30129,0
33786,0
4770,1
32697,0
24452,0
12586,1
1350,1
24478,0
26306,0
21212,0
3843,1
13220,1
17261,1
13535,1
9194,1
3268,1
24789,0
34167,0
23840,0
24402,0
251,1
14775,1
28652,0
12357,1
30828,0
17967,1
23993,0
33326,0
2300,1
15691,1
6918,1
6700,1
12288,1
8814,1
3511,1
15145,1
33123,0
19805,1
18584,1
1114,1
438,1
33294,0
12099,1
14850,1
33297,0
812,1
24135,0
23552,0
9705,1
26791,0
34794,0
34589,0
19302,1
5500,1
13256,1
22212,0
4436,1
31346,0
14625,1
13733,1
30272,0
22491,0
16944,1
12715,1
29045,0
27058,0
15046,1
13661,1
26395,0
3669,1
32169,0
7198,1
4972,1
8870,1
23408,0
18996,1
21743,0
3287,1
7414,1
32196,0
9707,1
32453,0
33433,0
1788,1
2930,1
17155,1
18086,1
6062,1
12041,1
1962,1
30639,0
23490,0
25856,0
3489,1
6114,1
33060,0
21047,0
33815,0
17646,1
15111,1
28687,0
856,1
4202,1
18949,1
31850,0
21250,0
18962,1
3894,1
35310,0
10294,1
20430,0
27150,0
23015,0
20926,0
31142,0
26990,0
24477,0
18112,1
21436,0
14311,1
14843,1
23881,0
5746,1
17299,1
17191,1
27261,0
12527,1
341,1
9731,1
23430,0
30347,0
2043,1
25869,0
10670,1
20802,0
31154,0
33097,0
16804,1
12918,1
10224,1
32901,0
19011,1
16593,1
24670,0
2864,1
26574,0
29329,0
35210,0
23578,0
23410,0
6180,1
20698,0
4291,1
33245,0
29023,0
5502,1
19797,1
1443,1
26810,0
31380,0
12133,1
5297,1
34687,0
24751,0
20801,0
8698,1
9680,1
28196,0
17733,1
14444,1
16615,1
14196,1
1580,1
1147,1
30274,0
23525,0
8359,1
15867,1
33248,0
24567,0
11771,1
28043,0
15415,1
23949,0
8819,1
10869,1
1994,1
3125,1
5359,1
13530,1
32044,0
30071,0
29902,0
34119,0
34091,0
17435,1
2559,1
19539,1
16361,1
9338,1
4286,1
20887,0
28654,0
27536,0
2814,1
33364,0
6237,1
23850,0
17951,1
33911,0
5019,1
24627,0
2141,1
32093,0
34202,0
13369,1
447,1
23224,0
16444,1
7276,1
3002,1
28200,0
30477,0
11842,1
15015,1
27602,0
11415,1
7324,1
22420,0
7535,1
32882,0
5701,1
28729,0
15736,1
31533,0
8406,1
10244,1
34971,0
35761,0
32997,0
30903,0
27050,0
13602,1
28139,0
30815,0
7711,1
35282,0
25651,0
27481,0
28777,0
17747,1
35652,0
22032,0
26748,0
8642,1
34534,0
18486,1
5083,1
8204,1
16706,1
2703,1
26024,0
35966,0
12076,1
5225,1
15388,1
32902,0
3295,1
22969,0
30584,0
19245,1
18812,1
12456,1
35823,0
971,1
16166,1
35108,0
1522,1
22064,0
33161,0
12934,1
33616,0
9113,1
10520,1
22915,0
2730,1
35265,0
1866,1
